date,oil_price,natural_gas_price,steel_price,wheat_price,copper_price,commodity_stress_index
2015-01-04,62.48357076505616,2.505197589870709,500.3132178714272,186.331236155581,6674.454842032661,19.2
2015-01-11,59.30867849414408,2.937106539950176,618.7028284923786,203.88259867007625,6752.376841006313,35.05
2015-01-18,63.23844269050346,3.0278624561443475,661.3834496236647,239.29703266194915,7884.7283275926175,74.22
2015-01-25,67.61514928204012,3.547095759235474,539.5179490654398,252.31165647096464,7373.403874221036,68.59
2015-02-01,58.82923312638332,2.1537676851425904,683.6286193418852,195.3130225624016,6594.677690137593,28.98
2015-02-08,58.8293152152541,3.764775159730307,620.9509504683023,208.15071481694213,6603.262612976929,42.49
2015-02-15,67.89606407753696,2.9209960507105053,564.7494072120795,219.47188486082143,7144.559818515548,50.8
2015-02-22,63.837173645764544,2.78655946502629,597.2115461171147,225.6032231763921,7164.17943921339,53.16
2015-03-01,57.65262807032524,2.493947812369916,627.9163456260861,203.80792960156708,7164.6651505952095,39.04
2015-03-08,62.71280021792983,2.1725716640671155,603.8002695706206,228.4812208892818,6923.513261933891,41.85
2015-03-15,57.68291153593769,3.4115852919809573,626.9377996223185,210.5232130585817,6962.36372199913,47.54
2015-03-22,57.67135123214872,3.0366589835942017,553.9663203460317,219.71095458243445,7098.363857247808,40.16
2015-03-29,61.20981135783017,2.355019550129473,608.4680412018039,230.925684960074,7025.767901887999,44.95
2015-04-05,50.43359877671101,2.352460613968192,529.3142751547509,220.12844539621875,6334.209888175739,14.7
2015-04-12,51.37541083743484,2.832107650354936,594.438696932565,211.27228218946863,6931.060110827442,30.58
2015-04-19,57.188562353795135,3.8345107626446966,554.8046179267606,217.80780392148336,6744.578069721906,37.89
2015-04-26,54.93584439832788,2.8702043243181974,563.2235028705117,218.2327408158933,7052.563425672553,33.64
2015-05-03,61.57123666297637,2.248428523440947,661.8046587605219,212.59977940235743,7895.577700781023,53.93
2015-05-10,55.45987962239394,2.877128467957028,654.5655060297134,214.824078746658,7110.244499642291,45.94
2015-05-17,52.93848149332354,2.863638215126165,630.4569060453589,251.97294341009436,6905.94109414828,47.16
2015-05-24,67.32824384460777,1.6515566785292142,545.3843617663711,231.2183889588248,7276.540450593176,47.22
2015-05-31,58.87111849756732,2.972852566741094,584.1795775152599,214.0903936394168,7144.806366162764,42.81
2015-06-07,60.337641023439616,2.884532734895661,660.6548849989591,233.9390880902147,7126.028347135552,59.33
2015-06-14,52.87625906893272,3.3481031824067093,607.0858456819952,213.3236102048798,7182.055177964701,46.65
2015-06-21,57.27808637737409,3.9244780474726726,715.9664769990848,243.46249275173284,7616.963069448862,77.64
2015-06-28,60.55461294854933,3.5632825147738787,619.6658919697186,227.39284384396188,6660.733469402226,50.83
2015-07-05,54.24503211288849,2.8655556547225847,609.6024558245016,217.85395711991544,7142.089623043436,42.08
2015-07-12,61.87849009172836,2.446737045629165,584.5441767898749,228.95433851620555,6722.085661005539,35.65
2015-07-19,56.99680655040598,4.286679901624931,606.6770452391141,188.58247695863,7166.653793902675,47.89
2015-07-26,58.54153125103362,3.029609217007244,592.3765081809728,197.46465062180388,6724.394046554172,30.29
2015-08-02,56.991466938853016,3.006964645956473,635.4054338344296,196.1214998720189,6874.789955918474,36.77
2015-08-09,69.26139092254469,2.9879374564449983,647.8351158397292,222.85886189527412,6911.473025728628,57.96
2015-08-16,59.93251387631033,3.0990423803839278,560.7005269746026,254.65029998970184,7292.745015803413,57.16
2015-08-23,54.7114453552205,2.9278197940380286,533.4383523221111,264.62600292385264,7275.536333182724,47.38
2015-08-30,64.11272456051594,2.7131689965598818,508.1897313448352,232.76102202881515,6626.284787066084,35.78
2015-09-06,53.89578175014489,2.726570529379804,625.3995663456271,230.01688949888916,7016.480233299954,42.84
2015-09-13,61.04431797502378,2.9836233648920008,544.8316696913063,183.9788453169452,6787.126043575248,26.61
2015-09-20,50.201649380601125,2.7282876144331176,492.3554703523759,209.1465240053196,6622.4485267974,14.86
2015-09-27,53.359069755507846,2.6435771086614177,619.4289302265482,204.2443249618352,6934.894884872689,29.81
2015-10-04,60.984306179345616,3.0532151138459485,724.6499758716395,207.58304803497768,6907.455163463254,50.64
2015-10-11,63.69233289997705,2.872511391289573,599.6964544230053,216.6371236283042,7728.014945903657,57.0
2015-10-18,60.85684140594985,3.751996494291344,641.924538722582,210.55818844605744,7129.887947608209,58.88
2015-10-25,59.4217585880588,1.674515095803494,604.0914679273783,180.41400379248424,6586.714749773729,19.27
2015-11-01,58.49448152205356,3.545753425961231,595.0555173404429,234.95820512235068,6830.567798748717,50.8
2015-11-08,52.60739004816286,3.623042596248815,645.9538241493884,198.54513948520383,7306.41498862882,51.53
2015-11-15,56.40077895802646,1.9633048837959253,585.4862727905675,224.78493728222296,7626.532831860977,41.53
2015-11-22,57.696806145201066,2.828656202959825,613.3696157035952,261.48165339499946,6524.205006328612,43.13
2015-11-29,65.28561113109458,2.8142795670021044,616.0848903098007,201.61230816827157,6436.022684458287,36.71
2015-12-06,61.71809144784231,2.2962441526410893,566.5954773178476,169.39424954507342,7561.289552611534,35.91
2015-12-13,51.18479922318633,2.6110916562045623,649.6021174768262,214.27991556239775,7116.884253211271,39.71
2015-12-20,61.62041984697397,2.4447120772670856,591.2520121652295,242.01919269997143,6739.51218043709,40.64
2015-12-27,58.07458859791842,3.8761352217118112,562.2127420253578,259.1669490844119,7160.38872583673,59.3
2016-01-03,56.61538999847021,3.4678391965737307,626.8254921785202,195.40900811095167,6209.275678294936,34.76
2016-01-10,63.058381444204336,3.6357775474970793,555.0766009104482,229.93398446473043,7001.012651979148,54.19
2016-01-17,65.15499761247976,3.3608360320216177,601.4090578684564,210.6937908643989,7098.346351852925,55.5
2016-01-24,64.65640059558099,2.4354741143913854,599.5440501677898,217.8810329139173,7277.281041861349,49.9
2016-01-31,55.80391238388681,2.737739866860113,654.294778291579,272.8868669403407,6695.831214312238,46.39
2016-02-07,58.45393812074393,3.244687280613959,623.7349116439976,189.94059343209693,7025.706148421008,43.0
2016-02-14,61.65631715701782,2.388936095554027,598.7486520627428,225.07479322989147,6722.372612182124,35.91
2016-02-21,64.8777256356118,3.356499215086194,640.8883149600143,229.35386343530865,7076.615126702295,66.42
2016-02-28,57.60412881077355,2.8798373009209324,669.5103774508657,241.71572649878692,6731.396103291093,49.62
2016-03-06,59.07170511668092,2.812589596225201,627.8905153175931,221.9596630694179,6877.569748251934,43.42
2016-03-13,54.468325129969855,3.3554799841017457,600.5176309921691,226.1610107900821,6701.255381562932,40.42
2016-03-20,54.01896687959665,3.22213165574302,534.408188382492,212.16702865156415,7195.340872547097,37.86
2016-03-27,64.06262911197099,2.81951691709046,546.7443168462314,225.38253882490216,7257.535334996999,49.9
2016-04-03,66.78120014285412,3.579664901682124,584.7387647822666,213.13615449005175,6929.613829012776,52.49
2016-04-10,59.63994939209833,2.459468336200051,569.5243898920359,232.43143779712105,7011.471398488008,38.91
2016-04-17,65.01766448946012,3.307967803472132,590.6514348507277,212.6077932791273,6565.422575609937,43.39
2016-04-24,61.808180125238174,3.296550628984192,602.8324962448554,227.54200787804373,6910.097005597964,52.65
2016-05-01,56.774401226974376,2.8452267803430047,626.4846377178366,219.41474372630043,6984.938614887476,42.81
2016-05-08,61.80697802754207,3.163066511121059,596.4750610970455,242.52100501544336,7786.237927308993,67.51
2016-05-15,67.69018283232984,2.3744432118073484,624.3250821913101,218.97212552823024,6666.409892267751,41.5
2016-05-22,59.82086980445024,3.4620135096034503,603.223720740506,184.5393506358624,7439.253171625731,50.96
2016-05-29,67.82321827907003,2.9075489317785053,501.22667168230646,245.23843001427983,7299.057632039742,57.92
2016-06-05,46.90127447955128,2.73863848974048,553.0332303090623,201.88535398274763,7084.190921347041,24.57
2016-06-12,64.10951252187611,3.5245046129184447,592.7956222139193,206.9246732270236,7527.58614525854,60.32
2016-06-19,60.43523534119085,2.64782815472862,539.5152628579447,208.08677411913013,7111.631641782059,32.68
2016-06-26,58.50496324767066,2.2957693518182203,629.9964364998102,247.4887618634164,7116.747758700379,50.58
2016-07-03,60.45880388267752,2.221685413238048,676.5375416171848,177.28651572042608,6984.063804094736,36.68
2016-07-10,50.06215542699554,3.30300497567282,660.9380925848658,282.75497067319986,7367.070664725588,66.1
2016-07-17,58.90164056081244,2.3597853237518587,589.3278564534896,241.12113618132105,7328.940770143265,49.07
2016-07-24,61.78556285755873,3.8773970909921824,674.5363068424977,224.4647782825832,6812.296813751136,60.83
2016-07-31,67.38947022370758,1.959035296058139,607.4333728601056,218.90211998767427,6604.2258416203695,36.39
2016-08-07,57.40864890863176,3.848228184145019,583.145701444098,225.71108149715317,6939.105808781303,48.5
2016-08-14,55.95753198553406,3.1055087336013094,569.329866822953,230.4224485675868,6759.988430680706,36.93
2016-08-21,57.491214782077314,2.951643444064804,584.8765156755936,232.90431171900116,6980.942627615394,43.48
2016-08-28,64.57701058851038,2.727540456595525,580.5911590729386,231.11208932006895,7371.231440405241,56.07
2016-09-04,61.64375554829842,3.199568057176036,608.5208111187744,221.791613625105,6862.809503473963,49.3
2016-09-11,57.351198981164806,2.981182648787576,608.0286990524933,216.05323159385347,6987.152985606527,41.53
2016-09-18,62.56633716556678,3.5516509410082606,600.1523010076708,216.97453432692976,7017.406820442518,54.54
2016-09-25,60.4853877467402,3.05711382433102,621.8469084873175,216.1018343929464,7254.529264661585,54.44
2016-10-02,64.84322495266444,3.0751508807309387,659.532313739317,242.6754019373413,6325.933199804618,57.64
2016-10-09,56.48973453061324,2.818193893893072,647.4777067720662,231.87113444561723,6817.989911570411,44.6
2016-10-16,58.36168926701116,2.9715271881394663,525.7551015775048,161.1922273067144,7063.385107683842,27.96
2016-10-23,58.03945923433921,3.153900884446029,472.3039432549023,233.1180155305952,7360.023686928058,49.27
2016-10-30,52.68242525933941,2.144915803671687,646.7159955619637,223.8947238943755,6852.429265748138,33.58
2016-11-06,61.48060138532288,2.3259072889471435,531.6560650792289,219.62582487108205,6437.034188187437,23.9
2016-11-13,61.30527636089945,3.371632047011357,588.7617299053658,212.22963093822227,7185.913433789841,52.14
2016-11-20,60.025567283212304,3.085432719063971,541.494348697032,242.48225439972023,6809.391283352311,42.65
2016-11-27,58.82706433312426,2.9080083318236603,509.900978120999,238.95052924245715,6643.100002272891,33.96
2016-12-04,52.923146289747926,3.0092169665326964,627.0731364102394,204.54244664352785,6812.696383086033,33.13
2016-12-11,57.89677338617321,3.173790852680836,637.9577580151323,228.1410457424907,6944.642392703245,52.4
2016-12-18,58.28642741736616,2.730120159845319,571.174479963664,200.5668653091743,6818.576600638537,25.3
2016-12-25,55.9886136538919,2.610847637298844,470.4478853927545,192.40763670422135,6338.330182870279,10.48
2017-01-01,59.19357144166995,3.097922627548841,572.6877775873759,207.4656555082007,7269.11985906614,44.09
2017-01-08,62.02025428407269,2.510813611192484,619.5902002701273,237.2478694476552,7382.462512383617,58.66
2017-01-15,69.43092950605265,3.204126377857236,526.0544215612936,239.06250090752167,7195.456597401852,60.64
2017-01-22,60.8728890641592,2.14870819788108,609.1679959889577,230.26170840194587,6658.694298872555,35.46
2017-01-29,61.28775195361382,3.514577818662822,599.2345075413502,234.50191573695997,6939.552539815744,57.06
2017-02-05,59.62777042116917,3.2362987412065216,628.9645749800544,230.3235657422992,6998.043605431162,55.94
2017-02-12,50.40614392350479,3.1280148671569377,605.9790184207077,207.17036809554097,7179.638316868573,41.09
2017-02-19,59.86743062275392,3.491345491972757,551.3465529559222,228.6384508934788,7200.502146615424,53.16
2017-02-26,60.30115104970513,3.832737222231288,659.8285750832246,236.00819050455365,6779.747860366451,60.86
2017-03-05,72.31621056242643,3.507185032509065,592.0735213486515,235.0858265962715,7024.598666924068,65.02
2017-03-12,59.03819517609439,2.0795628843341776,598.6347730245034,243.77826742949287,7137.184121384573,46.04
2017-03-19,61.50773671166806,2.360211516632149,553.3366020463402,234.16607694402128,7436.74669664403,47.76
2017-03-26,59.82644115147378,2.6875907111521604,577.8358874404245,227.02896415083163,7211.351961947417,45.37
2017-04-02,54.15660981190234,3.013045525105417,555.759864298655,241.4030047663285,7236.717006212656,47.09
2017-04-09,65.7141140725751,3.2588295102345617,591.3526970038289,219.4695748150188,7025.147988378808,54.6
2017-04-16,63.75966516343387,2.637128093423267,685.5854240071171,202.36250697544563,7423.137743561051,55.85
2017-04-23,63.95515973521523,3.0933833822385397,531.4049428534322,216.73866072112472,7122.92883878785,46.68
2017-04-30,55.4530627260263,2.6223085338233387,519.3219301061629,205.10194710387103,6741.673626947929,16.52
2017-05-07,67.0139715546805,2.6942410985040257,673.5585163746804,206.4964345005124,7421.010991037558,59.3
2017-05-14,52.9907446860386,2.2966694515758888,589.5338161424067,217.10962658568965,7209.370981761708,33.64
2017-05-21,62.93428546900135,2.538383376944548,566.5463630670042,204.1516015800008,6867.086793661455,30.35
2017-05-28,70.95227812904989,2.324157697191833,651.9952343698038,213.8407694072192,6856.152109780227,46.71
2017-06-04,55.04731837434656,2.512063373511334,569.7192230131568,182.12770666092428,7088.9726635422285,23.48
2017-06-11,57.16851135198614,3.52682089830392,691.3004856773468,224.2658741474588,7138.955438580276,62.36
2017-06-18,60.498256825438204,2.5253005555840287,633.8962935669634,220.02410950724448,7059.187679689362,46.07
2017-06-25,57.482621729419,4.316191032418695,575.6044295927148,203.65822737863616,7093.392602032865,44.6
2017-07-02,52.24668284466934,3.2466589504404446,707.8654106632752,233.1849133686481,7509.987212372914,65.37
2017-07-09,60.34281487403014,3.092418061847437,569.7142538498331,238.7514027525312,7321.462945670466,56.71
2017-07-16,54.68848143136948,2.570821109909393,637.1047686004654,187.8488027126205,7057.190677379507,31.79
2017-07-23,62.36796215317591,3.350154939704496,614.9646290203247,204.7455044286757,7282.393174230245,56.71
2017-07-30,55.402878828830985,2.712181086881113,665.08706446994,204.617153004254,6690.2428289417385,31.92
2017-08-06,67.7496720250877,3.0610049073226806,678.0755598363427,201.2019379778227,7119.378114984042,58.98
2017-08-13,56.08373353831882,4.280042269134397,601.6002074532884,236.58949683863497,7542.791904919933,65.53
2017-08-20,58.38969241897162,2.951970050137675,562.3291064826908,216.12347722454396,6934.586231382288,34.76
2017-08-27,64.06758608684835,3.574636663142838,622.9986071469558,214.70970317378777,6745.709821414274,52.81
2017-09-03,53.84567841783022,2.6484117874370563,566.1142315123947,179.92275271186492,6804.3733334220815,16.39
2017-09-10,61.13729967302065,2.9825057547515192,700.6693623763312,232.7083606041845,6673.110088797283,53.61
2017-09-17,66.53571377141213,3.885400317817755,606.8267665541368,195.21483210293056,6764.571427561689,48.69
2017-09-24,51.96258382719386,2.6865164711061165,581.7339224343946,221.19865260532657,6888.847570422991,29.39
2017-10-01,60.92316929266152,3.906224278998464,609.2340152932454,225.54753875916384,6578.329894246407,50.22
2017-10-08,61.29941397124212,3.353875967727738,532.6436855235152,247.21317191677304,7004.685500184881,52.84
2017-10-15,63.90911435888656,2.718766612052866,551.4192980744674,193.82359201761776,7270.683152135994,39.46
2017-10-22,53.81524644560959,3.3162038695277607,660.0206953972213,159.6097568835835,6727.673145955924,35.37
2017-10-29,53.39771693457862,3.486277224813365,567.1552860514303,223.67699089507389,7455.785177092531,50.26
2017-11-05,62.60970782808449,3.310904981108598,547.6544508659031,256.01022363021707,7153.237626558279,59.78
2017-11-12,61.48492336616593,2.214887640054772,626.8326376263643,244.77892705878875,7309.174175687217,57.19
2017-11-19,61.252464251729386,2.636431412087566,659.2852077331498,224.19318830549253,6802.649633844359,45.21
2017-11-26,61.73224104748488,2.8762406822242474,635.9476655332534,210.16727628735904,7256.357568119984,53.13
2017-12-03,56.59987639210755,2.962783285449977,649.8023842902908,236.1424519327462,6672.419829881406,45.88
2017-12-10,61.16126848580502,3.310336048775339,562.160245571527,200.52907600591064,7267.074250250953,45.97
2017-12-17,61.46536236649341,3.088850500466627,528.9094666629078,229.5271553871244,7051.55180193806,45.59
2017-12-24,56.42824290986816,2.3323278206449496,675.0666825977744,230.10940318333252,7165.975365995435,49.68
2017-12-31,69.32887255572378,3.1900989255029817,583.8660080578932,241.2041981499776,6647.321618312544,53.16
2018-01-07,62.36916460455894,3.305292872641912,587.4583491772477,275.1932007782216,6731.479047317019,53.9
2018-01-14,54.04348251398676,3.27989522396552,666.4097070924529,227.84831934357533,7179.168465476016,58.15
2018-01-21,63.28276804316915,3.540390362777311,627.811500470033,209.82072748585003,6715.495598732739,49.84
2018-01-28,55.1265916488634,3.416961077274452,622.7943886040804,219.4885137561601,7138.961887629737,51.92
2018-02-04,63.93542301871226,3.2295900396142185,708.2501172450542,184.61848190221764,6589.858658061927,47.16
2018-02-11,65.79297789503703,2.9649171442706765,567.8240884809928,206.10573737821883,7254.452263800001,48.15
2018-02-18,55.89658840824145,2.1695195332420045,646.3920064040618,211.81435123773792,6630.243005569448,27.32
2018-02-25,64.8168806462216,3.2148091095662927,602.8506562448542,209.51823204130812,7165.689981303857,55.18
2018-03-04,62.063904634682494,3.103843843581556,613.4296139431628,223.04709744067443,7187.6892800938,57.76
2018-03-11,64.11030079997245,3.1357894185976867,676.4234213206266,203.551601352356,6790.968454471127,50.45
2018-03-18,69.48396491326974,2.3616257120898454,625.3917878144812,242.42061334648943,7174.607970125418,61.25
2018-03-25,58.77305941998565,2.459471729795869,626.9148039524816,220.00414129836395,7078.132679000067,42.97
2018-04-01,56.23131917821255,3.526576426666452,653.6253668654902,219.8139935772277,6838.347443142178,50.1
2018-04-08,55.55242785187238,2.9802224230716723,581.7523635228557,213.44210566974164,6697.433594777138,28.69
2018-04-15,55.92094857517281,3.340750348686312,558.0395166330496,223.1038136771796,6411.212292498226,32.59
2018-04-22,59.61449145292948,3.0141591880652308,547.7595402989483,236.5019652933527,7104.895014189908,47.32
2018-04-29,61.70575987408322,3.0148780697478728,501.6821705311999,202.657395685782,6530.559168591383,26.13
2018-05-06,61.3834539966501,3.469141902987998,702.8103564970161,206.83767021849488,7028.603259832393,58.12
2018-05-13,64.13591624518011,2.7419776358913133,544.8395817139159,213.92547942446672,6920.965535175325,36.93
2018-05-20,60.065009459389536,3.048060388470492,588.9373188207114,193.0825815305357,7203.742832631458,42.01
2018-05-27,67.26767038578659,2.768862355647479,586.159335005554,203.61484280557005,6909.38635015304,39.23
2018-06-03,58.67671583381022,2.782751886283842,615.3703348904551,210.4755825291068,6901.165664095873,37.0
2018-06-10,73.6008458329481,2.8454139382656805,640.7868606269649,237.4877836142545,7219.561211286488,68.75
2018-06-17,63.12833673882504,3.1110668858168564,643.0236744179873,225.2512265800385,7100.517408725235,60.8
2018-06-24,55.714212217918586,2.760625689168261,570.846128071553,223.8717982273509,7094.846787154834,36.96
2018-07-01,54.64553750969444,3.6278780627867606,591.6439143106794,237.01795924335943,7140.780276942558,55.34
2018-07-08,62.41236207621593,2.552696348890248,614.128997524415,217.25256423201208,6539.328363037868,35.59
2018-07-15,58.88268607337075,2.9065641779193205,587.5654436908227,227.8092969985778,7227.0366039960945,48.82
2018-07-22,63.57000247046046,2.7801344708629125,680.3672788009997,217.9355649413501,7183.740638204081,59.23
2018-07-29,62.366188122867726,3.7234889421768655,624.5487475819126,225.30724698799256,6694.995061427051,54.57
2018-08-05,59.63585543671564,3.0982773882557875,636.7438893024909,208.3448268477684,6926.77585789774,45.24
2018-08-12,55.76603140965798,3.5159222697343173,633.1440634333707,171.22365683447143,6988.207813711711,42.36
2018-08-19,52.42576387657068,2.2572198134815142,658.6736928742663,217.3144167562739,6959.65096467948,35.5
2018-08-26,57.767425239664895,3.133525132934629,609.0510779351854,248.4549627219988,7100.15798997056,56.84
2018-09-02,64.28199397161737,3.4448153978117184,535.1584026022076,238.52430804483183,7429.410034549355,64.19
2018-09-09,61.07046872065102,3.0411419946377123,619.9843975876321,239.3079496918234,7324.530018301849,63.83
2018-09-16,53.77130610644006,3.532740187532676,567.4321553104086,244.7226144361244,6606.334241970578,41.25
2018-09-23,60.86590462925591,2.741355774949814,573.5691659125122,221.7731518192288,7186.620997091814,45.08
2018-09-30,61.92658689864418,3.70467372009279,629.3182009377547,223.94631414811192,7398.6799958606225,68.72
2018-10-07,55.580712818994336,4.149449061809625,661.9141535716818,207.646962091313,7116.042556206761,54.82
2018-10-14,60.76862552972764,2.8185807197801704,601.0635788368031,213.678542879459,7327.29412755579,48.66
2018-10-21,60.29104359223,2.777248739299614,615.4416506299482,232.31542299542284,7603.68113371023,58.85
2018-10-28,54.28514851084688,3.7266922385588495,685.1107472317619,244.0776887433763,7307.112863832094,70.06
2018-11-04,61.78893680174141,3.789786072865356,612.0376589744284,217.21107448638,7074.792578692519,57.99
2018-11-11,62.803922631841175,2.7385699864233657,730.0841557090198,210.99621470297177,7313.526542225426,59.39
2018-11-18,65.41525621587638,2.7899065914520715,628.2754822815772,220.01055917713197,7043.466349929067,53.87
2018-11-25,65.26901026017451,2.8591076955697465,511.96186204220913,232.0241349785823,7007.170912985486,46.26
2018-12-02,53.111653160214544,2.3277747444828614,637.6670810552266,191.1229036773292,6894.57572928588,25.78
2018-12-09,55.31087480042439,2.540674026757901,619.0579192441389,174.07638093725524,7469.024007649632,36.71
2018-12-16,62.5751763360433,2.497929616623966,664.4876377041373,208.98926301016832,6754.4714002174,40.29
2018-12-23,62.56892975456105,2.616101217447936,633.659067563498,195.58575148171684,7459.710317403435,49.33
2018-12-30,62.57523843153024,2.9826575563066093,593.0772008008113,209.8371960470538,7149.959237122112,47.96
2019-01-06,79.26365745327361,3.1171073662682605,538.7850881855317,217.04439362365056,6580.208147559418,40.93
2019-01-13,62.85445255346583,3.775250246407039,589.5488371356987,210.93503181953972,7110.294787897426,54.5
2019-01-20,65.677828200903,2.5008229796306045,557.473977289535,249.0493506894149,6369.9920477045125,39.39
2019-01-27,64.770008817466,3.492161199238292,570.9738275097639,226.5348952920464,7187.652405049311,60.45
2019-02-03,63.25695625652899,2.8930055778872457,629.4289202210305,226.00948719221657,7265.569444896697,60.54
2019-02-10,58.42365377679828,2.9752681451737835,683.4952252175704,232.44414288086804,6822.293213304384,51.79
2019-02-17,63.79484610246634,3.337409746083302,619.733576491149,197.22333764438463,7037.064308786675,51.34
2019-02-24,56.13587392731214,2.438638989218851,540.2058468982408,240.78223574840536,7586.247230125085,44.09
2019-03-03,58.81590696629996,3.1912048730920253,622.230133411007,218.4847142692908,6848.275988721419,45.72
2019-03-10,57.57318226085448,3.083226104106528,659.8315743322826,233.40961234482424,6682.32772388302,48.82
2019-03-17,60.40937069693161,3.2462256320040748,569.5108547840309,198.5628553391969,7444.49902073878,47.22
2019-03-24,71.57329283336755,3.144584321953909,593.2991416663541,188.92482467967872,7588.776157159238,56.71
2019-03-31,50.66367403704126,4.227650069955447,600.7344097364598,236.35779316050056,7001.108701554354,52.97
2019-04-07,63.431300951872565,2.681130007874342,560.755084345888,227.52819052195036,7303.438910622507,49.71
2019-04-14,51.93642064405174,2.734501522499091,632.4140216921929,201.9589689128498,7402.442774659265,41.37
2019-04-21,57.64034067105283,2.6884297367876178,593.9525925696109,202.6067383745061,6777.254730238485,26.68
2019-04-28,65.44475298483682,2.7222614404198726,620.9766221953514,242.5086956882954,6854.408249389639,54.7
2019-05-05,60.32140009547732,2.681306436346741,555.625391109895,196.21176214265344,7369.26235394642,36.39
2019-05-12,54.61127611035347,3.594508265553776,578.1270849838295,252.85345906511927,7505.504283612553,60.93
2019-05-19,56.42348145370016,3.7102521239949273,636.1190678913886,201.98758530704265,7168.8642580523065,52.04
2019-05-26,63.39798874467338,2.714626853125262,581.3583423954117,232.76783851216769,6736.055693949384,41.6
2019-06-02,56.34816684141432,2.5838222134478857,686.3481925616702,213.4276304850203,7596.118333509832,51.6
2019-06-09,61.08229294790988,3.235707778193202,580.0181907192699,232.06374862164685,6840.708730656411,47.67
2019-06-16,60.22785919951907,2.7238884778595143,611.2342362875943,209.11771995771613,6899.458665648564,36.87
2019-06-23,56.74199826197091,3.3164659088777557,646.6295415936545,216.7441418785541,7102.701350346886,53.23
2019-06-30,70.71972044662662,3.1014615104256498,529.0817133533484,220.81838350791443,7466.248126214432,57.32
2019-07-07,63.169595111590056,2.242127942501384,511.9595594009612,199.95625088437052,7256.192792965667,32.97
2019-07-14,49.874287066711965,3.773752600665031,523.7171842714953,234.8164869084025,7124.459650108573,46.77
2019-07-21,60.93227157384714,3.8979388365477607,663.1292051713591,209.7357286705683,7138.986559035432,61.76
2019-07-28,56.69106767615806,2.693605654757807,572.4070927053776,215.42800169319963,7013.05440059304,32.52
2019-08-04,64.26216667398111,2.806149220032008,727.9099642834126,200.11301250782972,7167.441854355552,56.17
2019-08-11,56.037396307836495,3.142932695362453,571.7876200671305,168.7533268240938,6241.1319766917095,21.6
2019-08-18,59.42631779266551,3.1672283949935123,609.2275651598518,216.17944474799663,6911.017762279061,45.02
2019-08-25,62.52493639490229,3.329272136336415,677.1054976283938,268.2523084322583,7072.396580475034,72.2
2019-09-01,64.32877597085061,4.005102269383174,700.3046444079562,235.69208575796048,6654.695774914148,67.03
2019-09-08,53.99851796472112,2.911526386252975,703.0751788318199,219.6147924053121,7115.896995343468,50.32
2019-09-15,58.32749382079525,2.6008513777307734,660.4183115296571,214.74218341583463,6938.658633704164,41.47
2019-09-22,57.625273444195216,2.3103403859927365,651.2031262905731,220.44931785624087,7526.642709494647,50.64
2019-09-29,56.73335383713144,2.6345349800290405,629.6263474600592,230.9423823035042,7471.905917564457,53.19
2019-10-06,68.82727120140548,2.9834365135631016,638.9180538083319,196.3837436938231,6860.258329264551,47.89
2019-10-13,62.02490855480477,3.897278931758894,572.4407141835733,242.28643389337745,6954.748686529992,59.11
2019-10-20,53.69558022832477,2.7411943504819143,559.0900558288846,234.3076263088249,6977.815730317482,35.24
2019-10-27,64.58930973527389,3.111893975819449,599.8312771294524,234.3637145141587,6864.502157152113,55.02
2019-11-03,70.61078098506317,2.991788551963624,591.4907688737536,228.7695147761945,7058.507495208438,56.65
2019-11-10,65.16232630275573,3.594196636724042,577.3385975336363,220.3923331538798,6772.515379333723,50.32
2019-11-17,52.403150170229935,4.263466212936811,634.8193723728358,233.4572247193364,6660.815399518742,49.78
2019-11-24,57.57882963566874,2.73456561353984,647.7652604285255,231.8362826748276,7186.813367170081,53.96
2019-12-01,66.33455574593312,2.755280278740889,604.4203443145924,212.91918578117952,7188.858875266544,51.88
2019-12-08,56.461652671906094,3.522080438534536,673.876504052763,208.527964542062,6758.705272102003,46.07
2019-12-15,62.21909714073114,3.340945744813156,542.9155442933247,222.03712590523972,7268.60662922878,53.64
2019-12-22,63.87317026714668,3.923353662868017,590.3170270360141,250.98040302990373,6810.5266812504005,60.93
2019-12-29,55.36534764210958,3.291964092662982,564.1588839698597,195.217858486922,7075.949571411395,34.28
2020-01-05,41.791661253783694,2.3973008614155,506.673169146347,190.6494946849512,7246.103203783737,19.84
2020-01-12,30.655564309758244,2.801028303044232,595.865965707865,223.29521682473035,6989.916230588886,33.9
2020-01-19,38.41464325532999,3.021199021747736,593.9126245808358,221.0177540371204,7136.42227364234,40.13
2020-01-26,41.11601147012394,2.8987049270088794,675.6724871621066,223.46683328740815,6845.071106833729,40.83
2020-02-02,37.63275886312302,2.7655914632206016,631.5405842277389,224.87906395817,6941.060024971571,37.86
2020-02-09,47.71343956376072,3.00333674307539,548.7906587835398,215.5359549073039,6938.242170735898,28.95
2020-02-16,36.99450517713778,3.046950625939411,692.7046283167094,249.79726877204163,6776.026496037928,49.11
2020-02-23,40.45984429656056,3.137417571190949,661.0516847762676,187.9819204304697,6946.9677510652655,36.84
2020-03-01,42.45759202050132,2.825701702225598,629.1048851734308,203.43005950439508,6535.414510340876,24.98
2020-03-08,47.0444565117314,2.478974815865337,588.6757950575084,217.93490479701904,6852.653875857369,25.21
2020-03-15,36.97448247087196,2.612353316734162,552.0280381638261,187.1362237769167,6914.537351989099,14.66
2020-03-22,46.07107313254236,3.062766310766052,581.3896611964474,216.48291191135857,6923.146074251386,32.94
2020-03-29,42.03581571356855,2.2028023398304244,654.4374309852093,253.2294033145604,6927.550766238766,41.73
2020-04-05,38.56471972133217,2.7066861562709827,694.2293152967304,220.41772976591923,6981.470740041961,41.41
2020-04-12,43.61736215992144,2.382831004760872,677.1621764136095,224.6140181143737,7143.832455425819,43.71
2020-04-19,42.69670893450714,2.5622165497472973,575.5575289106863,194.7967046965484,7262.355122239756,26.77
2020-04-26,39.89924092994421,3.093342041608102,544.0191283355495,207.67277183921044,6805.07043194552,22.46
2020-05-03,42.24430729746506,2.631217103908458,607.0443123455602,212.49607239352127,6639.039743383257,22.46
2020-05-10,40.65140241098384,2.569735532966363,511.5780317218574,213.6456980648753,6687.386676327069,14.22
2020-05-17,42.397310708379365,1.9720611400835344,616.158385709239,245.63287590007536,6853.839123641522,34.66
2020-05-24,44.31745736082366,2.867157765561569,592.6198706850665,231.1538212145025,6894.423604655048,35.72
2020-05-31,47.551058856508725,2.824330776984957,576.6981749065878,197.77084086125936,6769.001180140763,20.06
2020-06-07,37.667645754106026,3.4693832574048207,520.2648466366602,224.9300955686401,6611.165000725032,28.59
2020-06-14,49.46561681129693,2.4191942501449746,625.6800053284858,229.9644349699357,6863.163751757744,34.66
2020-06-21,35.16769270167124,2.6431388892571737,573.3649580169044,242.8029807704253,7054.427986034191,36.13
2020-06-28,41.468752167375456,2.655988065577071,541.5041582144856,251.61081373136747,7178.50883975067,38.56
2020-07-05,44.05911022269601,3.2204176438994767,456.3868893359176,199.69811616344265,6832.773084067504,21.69
2020-07-12,42.98347153707261,2.509499398735545,598.6242547474682,203.78284977579324,6876.10065335697,22.3
2020-07-19,39.82055168062792,2.668584148452394,688.6125798334872,194.8484428217077,6721.990507345807,27.22
2020-07-26,41.271572123749536,2.808356016629529,683.0629607273935,215.3196028178604,6990.568248887567,40.73
2020-08-02,40.27449672869408,2.629308877341452,577.1451871706864,229.3271674889267,6745.471409742756,25.62
2020-08-09,39.93722335069526,2.360265713816025,569.889396981911,239.74669033178205,7171.93834397236,36.49
2020-08-16,44.97360733957358,2.6324882469817807,623.4387128037512,218.48097952714957,6464.240052419767,26.55
2020-08-23,43.24955420087766,3.006293493690403,550.0807280405854,213.6030495349031,6892.111098264261,26.45
2020-08-30,39.57481641658771,2.113730997750299,615.0895949909733,223.0351598449748,7090.332201757523,32.78
2020-09-06,45.14859956401637,2.6065121115124223,638.3040139192345,203.29714196739957,7055.150354896751,32.4
2020-09-13,43.075548323068126,2.2524486536508515,661.3466611942154,261.7907744338955,7807.910099194149,55.5
2020-09-20,44.84501741593636,3.057894817293058,594.9922961760024,187.84677945763883,7104.940007370372,32.04
2020-09-27,44.20370094673264,1.902645565466896,589.8163124911517,223.6948115779145,6698.783620947397,21.53
2020-10-04,39.09851746177274,2.312458214909575,556.1008706621719,260.4721243845928,6971.360725873278,31.5
2020-10-11,40.039366359310606,2.710315046902421,558.655982298007,220.1359968912,6467.1260999600645,19.23
2020-10-18,44.61552761793141,3.2153477124245944,588.6760554049237,216.1992192999701,6975.820075210972,36.93
2020-10-25,44.13629592901712,2.5220561390439804,618.3682753408089,212.85109154379143,6750.0831828997725,25.69
2020-11-01,41.92684442112548,2.3140402011553904,645.6792313116624,216.39216636475183,7274.617082668048,39.81
2020-11-08,42.41064584158073,3.349491754512251,559.8410524659828,247.4569694935306,6835.13791762134,40.54
2020-11-15,46.47182713525948,1.934594092323096,674.6344284479761,175.76276177340986,6964.970225261426,27.06
2020-11-22,39.92950013907459,1.6155074684364652,586.4438199478716,250.6686740259265,6809.332647578679,28.69
2020-11-29,43.91484083409513,2.737006141272666,598.9316352825782,191.52085695099709,7521.655405555999,34.98
2020-12-06,41.29232571648137,2.33662695465014,562.6394160426088,214.6669534153117,6903.6271701646265,20.1
2020-12-13,41.238115788704725,2.115976052719447,478.7879869863529,211.4151115940268,7549.76711304376,25.85
2020-12-20,45.845718981955166,2.851051490102225,644.2022698180525,231.7710653954144,7244.24552863548,50.83
2020-12-27,44.8889572214581,2.65361530335276,636.8421948546217,188.03751296232505,7144.620018200616,33.19
2021-01-03,64.06754818000319,2.717960684631636,585.9336221440893,229.24345332163887,7110.619944195256,50.16
2021-01-10,66.52739403577165,2.3598478006645527,603.3495358612436,260.4861924657371,7118.139189464875,57.22
2021-01-17,60.1050192081638,3.436228664140073,625.796960885205,192.7365199081438,6421.698226196317,38.08
2021-01-24,63.40976485647482,3.3251005889793306,521.8727071556729,223.79412335220792,6916.334981754773,46.07
2021-01-31,58.44866621703272,2.9504120681103085,573.5473661326853,206.7603564440678,7253.547391355297,40.22
2021-02-07,61.62083176244221,3.923318498023833,639.7132339810913,228.51774412386072,6985.330844957768,63.61
2021-02-14,59.34928472816158,2.464957616836924,537.2855288415375,220.38295554831504,6578.443045958928,23.51
2021-02-21,60.48497982496359,2.2372374145376304,614.6778966083315,207.17026181911385,6984.278664826759,34.89
2021-02-28,62.975785127184565,2.6540459650593777,532.1709097688297,229.75744569742147,7511.231654876648,49.58
2021-03-07,55.90889658383264,2.9772069918222512,623.3214991216763,256.0869621957349,7374.067514660416,60.26
2021-03-14,70.4619363784273,3.121669724661346,598.2179258851259,216.18192416545403,6981.398797190191,53.51
2021-03-21,54.96991309250149,2.879381971071835,519.2434092047246,234.39515884296364,7285.434783117426,42.52
2021-03-28,53.92905693606134,3.1760276982571485,658.2369677228586,194.1345408425767,6890.047893889585,38.63
2021-04-04,65.79055436750033,2.374230287904778,563.2704211600975,200.87127246363983,6488.838523951984,25.46
2021-04-11,63.95831346981468,3.72188230203663,559.487378149281,229.44812555760757,6722.660203561134,49.65
2021-04-18,63.12059908526078,2.958924410803716,610.0284598615472,249.6823205707193,7468.866630552459,66.87
2021-04-25,63.1417275463214,3.558647915794064,657.4318674714358,227.1122669757132,6917.802075451209,63.1
2021-05-02,59.93876613576543,3.171362673188852,549.2089090510801,213.7388393895369,6926.984806187495,37.89
2021-05-09,55.51372814257084,3.228376609576892,603.0839924923986,219.98582810846708,6910.048541117536,42.14
2021-05-16,60.37902279096864,3.284883640116102,621.4408250165286,194.99184532060565,7571.240976871902,54.95
2021-05-23,56.61419144243944,3.2238542800086574,634.6552803631572,232.09030652710732,7487.787674608618,62.52
2021-05-30,64.87559866708875,3.321361379933772,608.8220777638612,237.64666124646817,7665.63407003444,73.26
2021-06-06,59.26471309248931,3.664576265066216,581.6486080458338,210.9581933433384,6952.286436879985,44.47
2021-06-13,55.87251401603744,3.098260584850735,558.620488967564,210.59915704481,7088.687346624129,35.65
2021-06-20,58.39307079173504,3.354501878794256,604.3071941523187,225.31756459304097,6545.007235173763,42.84
2021-06-27,62.06465727137813,2.9551321528563865,546.3930494007196,211.2656052791881,7443.080327835482,46.39
2021-07-04,57.18137723598013,3.720058607724736,453.9324758252697,218.6773477074836,6649.66613461962,33.29
2021-07-11,55.88889802216784,2.661803848970365,621.8279902078834,261.9944357833303,7065.032669128789,49.65
2021-07-18,61.21843605745956,3.900470216455408,645.1967420543098,215.05948598508007,6670.809241710147,52.01
2021-07-25,61.22483285554361,2.9799210246778283,481.8533782229081,212.8331969595756,6823.339951978392,31.44
2021-08-01,57.46528412314435,2.284612448940976,549.5134647645032,207.04916388729683,6748.82127068509,18.08
2021-08-08,57.644808471908384,3.0640522074553944,630.9577130502599,234.88383942999877,6817.637421797254,49.27
2021-08-15,61.16024968678818,2.65947417126256,702.8747734855849,216.37551653563796,6838.263189055307,46.17
2021-08-22,52.75957829251338,3.420321774494362,601.0396853837703,207.0125392335715,6835.519361522477,35.56
2021-08-29,52.962681128117225,2.6736880103488048,563.5998529385433,246.42608064546025,7250.000173534092,43.29
2021-09-05,56.40777889373782,2.77690828339261,590.855177944758,248.39206009027276,6668.541162081244,38.05
2021-09-12,58.932764241440765,2.0552296345272345,668.7438209574093,207.9915286852259,7066.16242810416,40.06
2021-09-19,61.554537827990025,2.773846840375461,567.7017910437733,182.66920097278768,7365.387745691667,38.95
2021-09-26,67.37678108474776,1.7880603366855217,560.0403996674873,240.15027379673845,6846.041090645981,41.25
2021-10-03,64.2882981160101,2.2080485882571383,575.8628238908984,206.30740348479992,6784.624332775719,29.23
2021-10-10,59.20030735018287,3.3802073280721485,552.3335695870644,235.81251198325535,6930.842612445925,47.73
2021-10-17,59.90491896048656,3.392900079325416,606.1335157997398,180.59792364576327,7353.917562508213,49.71
2021-10-24,54.98735317681096,3.2127287808924825,681.2339229234781,237.85194676598616,7058.232289286008,59.07
2021-10-31,59.90743432003805,2.5165119284353934,616.1539636558015,195.7765614143844,6840.6357116177205,30.64
2021-11-07,58.55670680539931,2.9761443219290102,587.3823248936856,234.6152823813305,7145.162995356412,50.54
2021-11-14,61.61359280169045,2.998198730454716,585.4094365542228,220.2854613567287,6669.312355049073,38.72
2021-11-21,55.86384528223839,2.4208176554037286,521.8404595651672,200.9212116120671,7204.407853132884,25.4
2021-11-28,62.59673257120586,3.7516991508835753,644.1554888573579,211.8592737414644,7122.58219231053,61.76
2021-12-05,67.66369456501289,3.438681145287836,596.1081401493599,233.726369139134,6907.657458658335,60.29
2021-12-12,59.45619925771571,2.889517913085168,590.9760043204687,222.1178890623047,6748.42426046583,36.96
2021-12-19,62.00855861049471,3.0134429194972654,759.655378392243,231.6882596094497,6733.995723314963,57.38
2021-12-26,63.45071995855556,3.1041914039737764,614.9376454182843,259.5288116903097,7160.445200903773,66.65
2022-01-02,84.09115157882769,4.3540916447332805,703.013059369051,301.9442684252464,7368.694150746718,90.48
2022-01-09,88.62467049312552,6.328104879227344,723.3526502371535,403.750802398996,6808.807675891361,81.28
2022-01-16,87.09129490566801,5.849817327202422,821.7778568247973,355.33939000074287,7137.516011065445,89.52
2022-01-23,87.70815171447903,5.4982179891155925,757.0794006586102,323.2389104536599,6373.891894419379,76.01
2022-01-30,81.39567906704787,6.29078967782545,660.1076263551646,309.4299639763524,6824.61468080284,76.55
2022-02-06,87.17769876337734,8.577455179534475,807.4518084109502,345.94814749513495,6990.68232013873,87.03
2022-02-13,90.6104876115295,7.304927147393712,708.240994653813,381.49280358158273,6727.09497490545,79.9
2022-02-20,97.52079115651404,5.971703111238924,867.0811110135967,347.9184281479189,6719.048087563121,80.61
2022-02-27,93.95471348911776,7.229841059491775,817.5030041071655,400.3569577679152,6799.666133059334,83.07
2022-03-06,102.61057281695878,8.139290980244603,722.042381521328,305.56237791835014,7087.657818497912,87.83
2022-03-13,81.43673016906163,7.617097051204047,830.0635226084445,351.6131536689263,6943.801294478088,85.43
2022-03-20,93.32432461622491,6.665593406912192,754.2409694079628,311.92340977878024,6328.530630002509,76.52
2022-03-27,88.32922954160306,5.8883695445238695,803.2983546951386,363.636220243999,6363.78995420948,77.28
2022-04-03,102.87607126582812,7.368045644974949,780.2958010809048,380.3803964831136,6817.940446642848,83.55
2022-04-10,81.13983743117515,7.032833923963925,697.1027090630705,338.5356226022064,7137.305975816065,87.25
2022-04-17,80.91201664418936,7.5847125420305055,709.7781354801587,268.6651565879317,6175.748547182429,74.57
2022-04-24,82.65440332053083,7.298688981850167,814.3725510988226,358.3663406974879,6850.080947154511,82.91
2022-05-01,71.6017559987539,7.754507986851268,729.0765417433411,365.97563365547234,6842.125643044774,81.02
2022-05-08,83.18827609281448,6.011241267283375,724.7719710473752,364.9374321587744,7416.501333462535,92.91
2022-05-15,81.49628820373569,8.04913347219776,690.3048387906654,391.54503013830896,6884.4934564861405,82.11
2022-05-22,88.0903549519525,6.81735956516164,776.4749415995914,317.7262822512305,7114.896695422279,88.47
2022-05-29,89.47773082438441,8.882786959887792,878.9078074526965,373.7669153744144,7042.377142026239,89.07
2022-06-05,100.60223858431516,5.841893400101475,683.279192859108,390.1602403992952,6360.83005605784,75.53
2022-06-12,93.89057282684884,8.509560183481776,751.5137160420475,295.0851973117915,7230.462164989522,91.76
2022-06-19,82.81744849644758,6.817701861808914,838.2637847134642,362.2288584294073,7064.618951636887,87.96
2022-06-26,80.4864936327244,5.8834401960241065,745.0224130471428,335.86624540775455,7152.480591902377,88.21
2022-07-03,90.56641399342216,6.067725582540247,778.2732372656084,349.3912744607473,8177.871311930898,96.74
2022-07-10,77.42830924910034,6.247617960986249,683.6004044908201,363.1256474732268,6374.766118150424,73.96
2022-07-17,100.27807605244404,7.066582541042108,776.7691935754781,336.4086859483664,7517.4089949283325,95.78
2022-07-24,95.55094087522932,7.1751190368390505,738.3034834372156,330.37734146682845,6913.765744179894,83.9
2022-07-31,83.59847652224089,5.968929995667564,811.6081247299915,353.0928773596168,7086.198671320903,87.6
2022-08-07,74.57977466409115,6.573209948512919,824.211628222797,317.20812995639034,6986.346326409627,84.6
2022-08-14,96.81557471269925,8.95649739447305,911.8477276261632,317.25359587567414,6872.729099980587,84.66
2022-08-21,86.16958612191851,8.500297487110783,786.2270733258486,373.73994505460814,6829.050121528372,83.13
2022-08-28,95.9741682618076,7.079956036641437,770.3622697863854,315.23859087492303,7098.852620671903,88.5
2022-09-04,75.44039947374083,6.64180382598502,762.1490188485835,373.3220000290948,6544.847890998496,77.16
2022-09-11,82.65453108358514,6.732034459390088,727.927106699332,366.8029213713264,7225.173750256529,90.77
2022-09-18,87.03801682295682,7.274869770003459,771.1552402163557,296.7741846787009,6875.141678534424,82.49
2022-09-25,87.34060930479438,5.474928178281755,731.5374118663107,330.31793112525907,6660.979198287892,77.44
2022-10-02,83.73702533177548,6.316885808834321,760.5288110168509,390.2115008975159,6864.996142601256,83.0
2022-10-09,91.51566200951936,4.764557518734652,832.3498459754976,320.6027030035302,7377.144765058772,93.55
2022-10-16,79.25975188697619,7.039145434865808,687.0910896700224,337.1390636060996,6839.399473895133,79.27
2022-10-23,85.96774873359563,7.311915533673016,821.2424100705654,366.7859485840607,7107.536085462886,89.58
2022-10-30,87.87214332991127,6.0684948914706895,832.3196917087415,377.0684962970431,6780.713117285358,81.76
2022-11-06,90.72968154692592,8.331385439619037,742.6207170630576,343.95075564657617,7227.376554977086,91.98
2022-11-13,92.15920786614444,5.251657770697426,617.3840688119628,332.8796737698675,7205.6523216370615,82.3
2022-11-20,78.84634483417545,4.989187631769198,712.011125806598,397.51583557435225,7554.582649988924,93.55
2022-11-27,75.87767226216673,6.84689700041597,831.0621591600693,407.6447892415226,6947.330816350235,85.53
2022-12-04,96.2631569587642,7.751808132873371,748.5707461063198,383.3234576250175,7200.596441427372,92.43
2022-12-11,89.40927658685204,8.452320460603657,687.5436104815681,354.7301805620808,7029.420261861684,85.62
2022-12-18,81.57347260996498,6.095227310844166,718.4515674232364,326.1354969074904,7388.761534558905,91.82
2022-12-25,98.2458518225383,7.786548916774426,802.5387516565345,325.42577899018994,6784.350283717381,82.08
2023-01-01,60.57837317146429,2.9807457652496465,627.336678410069,230.45028210531515,7223.501593863184,58.91
2023-01-08,65.89648592031914,2.91368635002959,588.0533950415153,228.3679644177737,6941.590811164995,50.48
2023-01-15,60.33759240705054,3.441829968743336,581.6587794092657,248.03197185892856,6980.74354686745,55.91
2023-01-22,70.30373962440993,3.32616143920671,580.4120925478089,233.0090018507228,7027.525745334512,60.45
2023-01-29,68.77670421221602,2.211803921507875,553.8794907750748,189.93839396480365,7075.672118928003,32.75
2023-02-05,58.75517925760463,3.738270174862948,680.7687844734721,241.0389523544584,6965.131287063413,65.85
2023-02-12,64.85785475477178,3.6900456770737255,583.883976539433,200.03878745371173,7064.413954951158,50.93
2023-02-19,63.226879747925736,2.6872186492452355,660.8579260412748,212.32057456095296,7473.435417268655,57.92
2023-02-26,66.84315778766174,3.1979017667187044,676.0658025961226,225.0040041250339,7295.634905684566,71.82
2023-03-05,55.17538269709948,3.247015093141369,649.915544907398,259.91334979567927,7260.746377749069,64.92
2023-03-12,63.4302572999922,3.1303368829119536,578.4189843640976,282.1983711201072,6863.338142192839,54.98
2023-03-19,65.29212243424794,2.72484742307729,620.1865045168305,232.13446118272367,6733.227751531503,49.11
2023-03-26,51.20630256788443,2.664188316030974,598.7902196804542,216.33606762559225,7286.590167471326,38.85
2023-04-02,54.083707436671126,2.9872229645042774,554.8149069634936,230.690112969611,7262.814037758938,43.9
2023-04-09,49.80383911119949,3.586364509629682,616.2179640860802,237.75310851747676,7441.801202725294,61.79
2023-04-16,58.65296582777721,3.271800077297216,541.0480104420099,213.58664748885616,6818.805812209232,34.25
2023-04-23,63.58771127897981,2.814692833956947,659.3839694230782,255.90422711824644,6931.135403391896,61.28
2023-04-30,67.51178526048014,3.385849355324172,576.7691351350803,224.60141518382804,6508.1547512423695,47.8
2023-05-07,60.37047390209887,1.5757286896849625,610.0579827936419,229.95486178182787,6882.258668181738,38.56
2023-05-14,68.14307772785646,3.574382850186052,614.1643935773071,233.3184850410892,7298.971153173834,73.07
2023-05-21,53.099492708925546,2.13014311061095,587.0547513147961,228.43173221228912,6860.05138623154,27.57
2023-05-28,51.48308780322422,2.818779529298434,629.3346900737637,236.77881000939223,7192.143938560247,50.96
2023-06-04,59.7222615055169,2.440165052686928,576.2548171688737,207.65493626906152,6942.849068200657,29.36
2023-06-11,61.92032724469654,2.352659262139547,643.5648648728622,208.8339649210794,7097.217108466468,44.12
2023-06-18,59.836526259529535,3.58041339368926,532.7010159876626,197.9969153405661,6655.6925830553,31.05
2023-06-25,49.66278949980062,2.7661493993440542,606.3189789773206,228.7900246124045,7025.56283489017,39.17
2023-07-02,59.55439980243606,3.1732519408653577,696.9464499529142,235.57873007024227,6102.659208729783,52.88
2023-07-09,53.47765249747573,2.976539710560408,549.9834337697213,229.15545732303767,6943.931152551405,34.73
2023-07-16,63.348362744150194,3.238520413611561,566.1127514737574,253.4898486669508,6510.858026885458,49.01
2023-07-23,61.83299123048424,3.038410945530128,625.6953924829457,219.88807962341903,7361.798354964045,59.68
2023-07-30,55.30060106836322,2.358503887905715,608.9790890969799,233.37483311185025,7233.222205829354,44.5
2023-08-06,57.43066541331653,3.49813340972357,617.531504963678,198.1659824772137,7140.001294589824,47.76
2023-08-13,54.703932390555245,2.753121708419344,624.4593565073832,212.258005950512,7456.301868147814,45.4
2023-08-20,59.686604513634144,2.2217090506701247,631.7360734280885,233.9107551513156,6715.3250437525485,39.62
2023-08-27,64.77571160250619,2.785942419517044,655.4849920978112,236.98204221486287,7524.208959374668,70.03
2023-09-03,55.071369768322285,3.750379895317155,620.4909328464256,214.12066104671635,7279.657469278115,54.79
2023-09-10,62.52023257758922,3.4251108710567464,587.9371172690729,218.56801496283867,6929.033413834316,49.84
2023-09-17,57.348711908137794,2.8256739327960703,633.6286850601366,189.64252506638385,7340.686044154883,43.51
2023-09-24,56.03563583868828,2.825371147840785,694.9940967447608,212.85941598386785,6668.11194627651,38.18
2023-10-01,59.46484820022721,2.839182474391309,593.3683126808713,237.8076632703957,6752.645751541698,42.33
2023-10-08,54.82378838790313,4.0383739917804204,551.273534766468,231.5041003221313,6817.42308302809,42.11
2023-10-15,57.23175347326409,3.1909677261157765,655.3540334643486,230.01331442762415,6841.306687580795,51.28
2023-10-22,54.01061053705576,3.215020823595535,593.9809418023201,220.9954737436192,6683.032707171924,35.75
2023-10-29,69.82362566458195,3.515141727015921,491.3665226992982,220.14126317256355,7366.924920128597,59.2
2023-11-05,60.17631775985864,3.1193945795132567,642.3710838575211,206.79357721053103,6922.343679889051,46.04
2023-11-12,56.50137246003708,2.8704789270896485,573.2335907023039,233.97656840405068,7105.751490507064,43.87
2023-11-19,61.06989955367111,2.901825075457511,595.4733358847919,228.41945888778775,6828.894590075895,43.16
2023-11-26,59.43835975154585,2.964199370292968,616.5990165284508,229.840376959856,6453.819009835444,41.21
2023-12-03,58.89515200233389,2.981388881745079,609.5249839889533,209.4793031466484,7081.017207517427,43.45
2023-12-10,63.07083350021713,3.36381477181849,635.472590856952,176.93314160257512,6426.323507374067,41.5
2023-12-17,63.787538550236526,3.0259729429036497,578.2256814715079,241.9430542350739,6979.409786174359,54.28
2023-12-24,57.34749426194736,3.36632003860779,625.6552899088041,210.42325087983195,6589.505488350157,39.27
2023-12-31,57.1209087967766,2.959641709945709,587.0226661208042,202.7444847191376,7596.182799769243,43.19
2024-01-07,67.41845274137803,3.039317595158045,700.6345764488127,233.86957823827987,7855.28152198461,77.96
2024-01-14,55.76395330277038,2.000899657733946,693.845211620718,212.15974720161745,7594.264228371961,47.32
2024-01-21,60.28765139235832,3.4581638373512407,608.5508713875473,241.19872768093245,7969.440963560113,69.78
2024-01-28,76.859527037806,3.1732442379489965,719.7290163896268,232.340118991534,7285.793623301102,78.02
2024-02-04,78.45856435263238,3.499005054929826,630.5220105187274,233.67138646400957,7736.08731868911,79.81
2024-02-11,67.56804277255083,1.5518723109031554,704.443178905463,192.6808857759893,7624.738580524863,54.92
2024-02-18,72.31520253757066,4.044187352390364,680.2008022370738,244.238879707728,7645.54250635211,88.31
2024-02-25,70.78968838862532,2.930205185922413,761.1001022237318,225.2250106246771,7972.2425340345935,75.88
2024-03-03,86.70356464861761,3.554091408368758,647.7093709695482,212.61445721507596,7797.327441300657,75.21
2024-03-10,75.43755574074882,2.4800470364372345,640.7875762134992,222.86776934684505,7653.546466755308,63.96
2024-03-17,68.26447384898559,3.306386952531285,658.9319216761747,184.4752953420336,7023.816470662032,55.88
2024-03-24,63.50564246654755,2.473292218413172,643.325111944115,228.17305622961345,7248.945000329455,57.22
2024-03-31,59.76293365851895,2.6881155196520976,703.9968046068128,199.41256983635856,7520.242305514986,52.68
2024-04-07,70.16991590623653,3.957015676933393,571.1029165359877,192.9465942831293,7590.252649265635,60.13
2024-04-14,64.65098321461525,2.904658799618326,602.0474669469506,189.5528162756422,7193.813993205649,47.0
2024-04-21,60.82204116981337,3.1087164365898614,601.2708393131444,242.2537674997985,8341.38324288741,66.13
2024-04-28,65.28220591560547,3.4350338653443773,712.2669175585468,207.41473212614423,8051.311673902159,72.81
2024-05-05,62.78109897921722,3.2478409439863025,754.0837354920059,250.67455419833,7755.086335807165,81.73
2024-05-12,78.70106440166724,3.075209452571788,654.2552929804391,209.28397073895405,7583.339943055934,67.86
2024-05-19,74.06942860245934,3.1824805012331128,650.7148052245495,185.85284084814103,7491.244293752027,63.58
2024-05-26,68.95415731242944,4.201707792619137,663.8528689712251,197.6695112010268,7251.578418952797,68.31
2024-06-02,77.50967879861764,2.9711906014832072,723.9033066434505,244.7162324001388,7585.103688000112,81.09
2024-06-09,69.44486776897381,3.100549523357484,608.9955776195185,216.88203644126665,7643.511823006252,65.18
2024-06-16,64.04761584236249,3.525327198003806,673.1102940504132,209.034254070188,7157.669573543954,64.7
2024-06-23,77.75796344430051,3.552762966478992,713.6358696380338,223.20036451705576,7668.273159187348,81.92
2024-06-30,72.09873275118679,3.5935151527801903,687.5601793466915,230.0356547233509,7509.696068180781,81.95
2024-07-07,63.03583461262287,3.3193651110145925,670.4269889129309,242.3479763180492,6941.870351247725,67.38
2024-07-14,67.90555260101924,2.4284975436347582,715.0575350911929,248.9699845978585,7281.235256507442,70.45
2024-07-21,63.96519504303764,3.816715766150548,511.3222238850421,212.80462708421828,7425.991807171387,55.85
2024-07-28,61.04890154695506,2.426827303490656,697.2831425742,193.47904627835925,8171.610800978222,52.04
2024-08-04,74.32552089830693,3.1513177326195168,624.0258374279917,211.7306967775345,7740.323212348938,66.87
2024-08-11,79.97914568270323,2.622862074990321,559.3151906728949,225.2056101316577,7127.303971611636,49.2
2024-08-18,60.95823645053993,2.967930826703504,688.116142973874,200.7248214757878,7717.475757771315,58.43
2024-08-25,72.23707311097078,3.16438120515174,735.5512199839627,200.85698170209915,7058.67350758397,61.85
2024-09-01,65.25880522754949,3.1606786077251368,652.440331695477,226.8757576309977,7910.791901459413,73.19
2024-09-08,66.199029043353,3.2109603771176425,712.4081000961617,219.026952968591,7407.355612811008,72.52
2024-09-15,65.5937349356265,3.8068556345293234,748.6753041893757,220.65593990823172,7529.661874848509,79.78
2024-09-22,64.03205307434105,3.2267671507569897,732.3202949471226,204.83009330599864,7989.55811380367,69.55
2024-09-29,69.27899936068275,2.877921682354676,750.1980491154267,215.39198571588463,7142.959003778704,64.03
2024-10-06,64.22203683063653,3.482043584144179,700.8170120089541,201.51533711463392,7107.333708023391,62.46
2024-10-13,70.55512674823406,3.59473524446232,664.1488501395877,237.8039682224957,7370.913818263894,81.88
2024-10-20,68.71113087066746,2.386196092431504,571.8918803456557,240.70498669447505,7896.434747730259,59.42
2024-10-27,67.62604873051814,3.298700034924929,646.4665631528529,183.07624275523813,7067.731871545504,55.56
2024-11-03,63.78150894326081,3.3505863711554493,613.6214372576095,201.4097827961518,6642.381586212176,43.26
2024-11-10,65.68356484923208,2.851218248320004,779.4018494623799,190.06941489819843,7413.824529875485,60.83
2024-11-17,73.34349954849809,3.68785340665581,650.3262803162215,206.99952131186205,7738.764019171139,72.88
2024-11-24,71.88027382884019,2.9249722064837367,666.7762643731468,218.3312406041928,7948.884806915381,70.22
2024-12-01,63.37905734240832,3.062788226735772,690.3316956822258,191.0070956060294,7409.935718684331,59.94
2024-12-08,69.57116075621805,2.913464087858065,662.398134550485,201.5628037374937,7426.697779294415,61.63
2024-12-15,73.32047595938778,3.0077895237907337,753.2278072236915,199.92085255837003,7933.863837898863,68.95
2024-12-22,59.400919633552114,2.451862456552399,625.7542851046052,224.14534658797888,6954.203689298684,41.95
2024-12-29,72.12432110618462,2.279974558702853,670.7034100380483,221.386886740725,7434.119268840705,62.62
2025-01-05,56.686881205270765,3.797252531612486,562.8764707150976,205.5652489332549,7057.127166977517,40.7
2025-01-12,62.8529933429658,2.5765193258408363,533.9988744389647,223.53641744278795,7134.76561638551,40.93
2025-01-19,56.18370421728741,2.5043038252718466,569.4115454547357,209.0663983082547,6847.057992042735,23.35
2025-01-26,50.9755894966774,1.9233049431981424,598.1481601475793,214.56689779347892,7010.332303511753,27.0
2025-02-02,51.862287810584185,2.680519126155249,578.534888774137,253.46904180597076,6253.501793976103,30.51
2025-02-09,60.24042473330691,2.338455103296251,565.3789510063073,246.80922103580696,6802.525476299846,36.39
2025-02-16,61.29861250860741,3.821007580068184,529.6841268164083,194.00837526144804,7136.05261376634,43.8
2025-02-23,55.47841687447796,3.5049085446713173,595.8447213685653,236.59464835758348,6705.311789723596,45.46
2025-03-02,63.19296229388687,2.655924827411138,524.7639812984498,236.22793108983183,7017.69526647688,43.45
2025-03-09,51.6923996886552,4.126217902672154,638.0027981844801,197.03473422494764,7134.0617502408095,48.43
2025-03-16,59.669601006763415,3.490882743495797,604.1219876467252,236.3755528750972,6897.23523974267,54.6
2025-03-23,53.94491900118771,2.8375843082456886,527.1224250267535,250.75863836825107,7051.139131298971,39.11
2025-03-30,56.7408194609892,1.7502971425632134,584.5395461475068,197.5491038751117,6711.180230414617,16.93
2025-04-06,60.23699335658207,4.145471286295371,562.3921797204708,201.64994357971472,6938.016616091186,41.82
2025-04-13,55.69793317358024,2.305213766618202,615.958725520959,240.35322933687004,7183.064850876767,46.29
2025-04-20,58.07722227885088,2.177300626521554,667.0225223011572,225.42990621651296,7047.09188829053,45.21
2025-04-27,65.0314640460722,3.51128521600482,506.2413765177128,231.02952550479048,6824.040619130819,49.2
2025-05-04,57.115540652384254,4.219876203169637,605.7513039573709,226.81178432800996,7067.2649212872375,55.34
2025-05-11,64.1784605603257,3.692136409255259,591.993360221668,227.81391841856288,7214.382937190985,64.79
2025-05-18,54.35146572671191,3.28195456002618,633.5670038225232,193.47055743377837,6385.017616426757,31.69
2025-05-25,62.64902088957641,3.297377170832643,610.6598314118845,240.94635413242892,7347.722219486769,68.63
2025-06-01,67.2078431032895,3.4267077793901537,562.401533413059,243.39179984855548,6899.123578395678,57.8
2025-06-08,47.64177749936356,3.379464294893382,584.0473032166691,215.41218511863943,7127.646979972069,41.92
2025-06-15,56.015523722647615,3.140595711984688,560.1987071598255,219.1304610037228,7359.174077093568,45.27
2025-06-22,62.8853606359027,3.052100551975938,653.8003569299299,189.3778499488856,6588.49789083086,40.45
2025-06-29,58.98477306978504,2.9687034360502387,601.0655824335971,230.2850951203567,6787.167699271736,42.56
2025-07-06,61.85572936685654,2.623017705566662,695.0595342876504,231.44114883428287,6913.435391237289,53.74
2025-07-13,56.9800740664209,2.859662461566613,596.966959309269,218.75617966001377,6764.873943662671,33.61
2025-07-20,60.4329489373645,2.1535215929023077,564.5796616544768,242.48706719741008,7520.480972751043,48.95
2025-07-27,59.2216138230396,2.950830186602625,524.3142803693586,213.3184553804012,6742.968371851962,27.8
2025-08-03,65.83891030829903,2.505704446424541,509.8430161872028,231.292118517872,6833.33596615394,37.89
2025-08-10,61.27210421650607,2.4482053413921143,520.7932028497255,199.6067132261577,7061.316709480893,27.57
2025-08-17,61.68801331037601,3.089947075576739,613.3563325505742,219.52895698251524,6639.355142177174,43.35
2025-08-24,57.94061516938766,3.6960011431723,625.4362511614967,216.51291484194329,6881.295786473121,49.74
2025-08-31,57.56196887963753,3.459158303001157,520.9404648983933,224.50615844081884,7095.235978375053,44.31
2025-09-07,57.8372090609019,2.2147496981884114,644.7519157038058,212.6094614233328,6900.141878685246,34.79
2025-09-14,61.97226071189149,2.505185931714831,575.846947415828,217.37054808656663,6971.983942330015,37.12
2025-09-21,57.89507759589869,3.470385593994108,607.3396505992774,236.5209434288301,6841.200366265489,51.95
2025-09-28,61.44887428448207,2.5087563032308453,680.6110314127712,211.26471525523564,6545.65890724577,38.05
2025-10-05,70.37700399322719,2.887683425001488,644.8419657932766,187.86845798522643,7096.477963401771,51.5
2025-10-12,64.35562351715846,3.275026049512276,586.5734676047084,254.9916780841084,7526.479921494172,70.54
2025-10-19,58.3698823391608,2.5158277725681826,555.4403887292357,247.6290815738097,7005.520489235031,39.97
2025-10-26,66.00606961081972,3.05268775307298,492.4092299335348,194.1547460978876,7067.579235174265,39.04
2025-11-02,57.95962313489224,2.3329872525408977,564.042334037879,233.7941561049039,7207.816826535058,41.12
2025-11-09,49.80937732411073,2.699316178024393,589.4434880586152,209.94050458897317,6619.20085103599,20.99
2025-11-16,54.95956844541298,3.1598909670712683,550.6410236424408,225.2697443066212,7510.754397438882,47.38
2025-11-23,50.64604039487072,2.203503133234165,593.4371516453848,225.88448258026983,7060.69863892684,32.24
2025-11-30,58.24243257979346,3.2202373689801997,603.8425941479384,215.3118439936736,7489.557069726733,53.99
2025-12-07,60.09209189594776,2.990181100536659,588.7572009095961,204.32468668827207,6780.090101342803,33.16
2025-12-14,68.38218656137641,3.2762449772085738,567.499870958827,206.1891789536748,7545.418576767347,57.0
2025-12-21,61.63463686882081,3.1119570670323307,608.4327335983364,201.67616169037515,7232.546648210435,50.29
2025-12-28,58.90449735595568,3.682070214986922,622.0970324784705,203.3635558353911,7165.912025755708,52.91
2026-01-04,64.14702790591744,3.0626122513239538,545.4800461278577,218.6564341990129,7070.207336305944,46.68
2026-01-11,48.944323454960575,2.785297229437373,670.5466189873135,205.68480021778493,6925.4414145776655,35.94
2026-01-18,61.17807279054283,3.061148751516142,595.0705933857869,233.6410413142524,7360.159497542162,59.46
2026-01-25,63.85432596943483,3.271649014518194,600.9424811472423,249.74492310671852,7042.107960954414,63.04
2026-02-01,52.60706877110079,3.0244300351628524,635.4107211628278,208.39893517259915,6409.879088923854,31.02
2026-02-08,65.71877021603464,3.0202958456019413,611.6608065631751,224.78809001070755,6664.844061487899,48.75
2026-02-15,61.69248203747207,2.6490041560966224,647.6568316956623,229.99370220605869,6944.246274342176,51.02
2026-02-22,57.923560430496,2.668549541224526,614.3562082600912,229.4400454183855,7092.999694949666,45.72
2026-03-01,63.16390933053143,2.2986973641001534,569.3781312679781,221.51910535832172,6983.023453330031,37.76
2026-03-08,71.35346428902199,3.874788371593469,618.075176260305,234.85364836719444,7365.691236938099,77.22
2026-03-15,60.90933127529247,2.3780683823043574,542.8136896339669,229.6449790536132,6414.669440788412,27.22
2026-03-22,61.24110293150168,2.6535474011020463,605.4279852888261,195.24675155345403,7043.076380951548,36.49
2026-03-29,57.70319550229878,2.640796367215401,598.338500467777,237.38312128778543,6454.606232383853,35.24
2026-04-05,55.75077815267604,3.4474621884722207,589.594157136373,237.74581674533485,7227.913688645251,56.52
2026-04-12,64.15167908272123,2.852525160853986,593.5731244280535,204.7342779164284,6971.6623856674,42.04
2026-04-19,55.71958087045567,3.623871036336867,505.9075477251181,220.75875670895203,7125.882991607235,43.29
2026-04-26,60.35783118609696,2.663254687878066,572.5637546129519,233.66657985622135,6740.83511182307,36.55
2026-05-03,57.61171276617441,3.139497081111901,604.6422450570558,215.8137236084128,7383.839479497326,51.82
2026-05-10,62.39489912873196,2.582326473370121,607.99281959987,241.45956095532023,7312.517399217655,57.86
2026-05-17,61.668310526434745,4.072574563886694,548.6162429537021,267.2774498923872,7175.063290903567,63.74
2026-05-24,65.18769972128949,2.406200790485244,663.285392043235,204.2802793473004,6961.144825940968,45.75
2026-05-31,57.44991800572627,3.154910355113514,556.691257589275,192.3791079369245,7173.95718558854,36.2
2026-06-07,93.84100051765303,4.643643816652468,648.4728600263369,226.07637191209756,6787.932229603795,64.26249999999999
2026-06-14,88.16989027374156,4.489659368216048,621.3597180935842,234.43125010252288,7256.666697706213,71.76249999999999
2026-06-21,92.44565391939112,4.070298638785604,567.6886345078099,215.38267252310465,7494.844268297176,55.5875
2026-06-28,99.01840394435882,4.109125510186601,688.7655446304756,249.0652132664207,7321.183167993756,88.86250000000001
2026-07-05,102.05590893316281,4.2306680303853765,540.318158412176,193.22788400553503,6781.1192590577775,39.2125
2026-07-12,88.622677406579,4.0970985988600575,645.9577086805001,233.8583724606322,7108.425195181931,65.65
2026-07-19,102.9568473608453,4.874715381756436,650.0291159021489,207.8827835848221,6612.057536872406,63.7
2026-07-26,106.84510287043962,5.747366101113945,566.4689895461678,254.38755812414595,7171.717093352703,86.82499999999999
2026-08-02,99.30747922578962,3.8097557504945163,669.6232650032165,259.8503070633624,7135.181023858761,80.51249999999999
2026-08-09,111.01436650046453,3.2411379142946455,587.4976742700524,204.66686824433305,6439.05509814035,37.262499999999996
2026-08-16,89.80968640717143,4.1382025661541215,614.4346814639929,209.0088572818284,6651.464846826291,39.0125
2026-08-23,86.04276237350867,6.005796536358022,613.0160919385611,237.19175773959603,6915.05833097687,67.4125
2026-08-30,81.77023800876577,3.6374278024211883,593.2845629264726,212.2573870042097,6909.742075857752,33.0625
2026-09-06,107.96835449191347,5.347381763810847,640.5404136579891,219.09177564135524,6637.156919374358,72.2875
2026-09-13,101.23492525083248,5.3743905698535075,639.6744360276107,220.5077684108482,7116.693618805655,82.5125
2026-09-20,95.55532263271635,3.8124882308044037,512.573401338091,181.60653687604687,7075.442082682153,33.1125
2026-09-27,98.23974901055857,4.598288155429692,665.2170121439076,219.72324507811524,6941.719260406444,71.72500000000001
2026-10-04,86.996087621613,5.339877636189976,516.8754005982163,206.2054445187165,6773.262549952491,37.025
2026-10-11,115.56601583693462,3.934610581308759,651.6273102170828,210.13754355200456,7314.612137924969,76.075
2026-10-18,97.03376945580183,4.057493747928347,656.3352568413792,248.87264006937627,7496.622133926488,85.15
2026-10-25,96.87515835683915,3.7928233602359493,545.4516784892401,194.86986211441487,6854.931554846039,31.3125
2026-11-01,101.80613299118954,3.4896702885149935,579.4592856022707,236.26410373495955,6816.349924853554,52.35
2026-11-08,99.84807385389371,3.7455057184537948,544.7147665757033,214.42074139336384,7147.362299623599,49.4375
2026-11-15,97.79107219423305,3.343241813266421,589.2539484855632,214.40479663008333,6892.591186075904,41.449999999999996
2026-11-22,89.67620435643751,4.223858427781458,584.5982857907129,235.80743792103425,6958.18083980103,54.987500000000004
2026-11-29,99.77174685708798,3.6610187382589503,638.983026613467,226.8010258913778,7221.895945517402,69.6875
2026-12-06,111.05619597180028,4.363650138253523,665.5154373059804,231.41225994439063,6427.193173747812,72.7625
2026-12-13,106.76336036923983,3.110873047657461,669.7841905394978,239.36369321065723,7395.490697455801,82.6625
2026-12-20,108.74549301311518,4.43161616255012,571.8915986710849,213.37383233633355,7021.804157298802,62.225
2026-12-27,91.91027458855054,4.783470273126246,589.5389063127736,207.755265309845,6876.552056631346,48.4
